word,silhouette scores,wcss (elbow),cosine distances,standard dev,mean distance
word,silhouette scores,wcss (elbow),cosine distances,standard dev,mean distance
word,silhouette scores,wcss (elbow),cosine distances,standard dev,mean distance
word,silhouette scores,wcss (elbow),cosine distances,standard dev,mean distance
chanson,"[0.48181373, 0.43211898, 0.3734888, 0.3779876, 0.3648104, 0.3808461, 0.3746989, 0.3698922, 0.37626952]","[12474.7158203125, 8122.11669921875, 6494.31982421875, 5378.57470703125, 4396.66845703125]",[0.07310641 0.09858328 0.27635165 ... 0.21028069 0.24809909 0.25959002],0.08430667092292143,0.3087866385210908
chanson,"[0.48181385, 0.4321186, 0.37348863, 0.3779874, 0.36481023, 0.38084635, 0.3746991, 0.36989245, 0.37626976]","[12474.7119140625, 8122.11962890625, 6494.3193359375, 5378.57470703125, 4396.67138671875]",[0.07310641 0.09858328 0.27635165 ... 0.21028069 0.24809909 0.25959002],0.08430667092292143,0.3087866385210908
a la mode,"[0.6122515, 0.4851084, 0.46692726, 0.4574763, 0.41989827, 0.41710818, 0.4099536, 0.42259926, 0.4015655]","[5687.1572265625, 3838.599609375, 2633.802001953125, 1914.3702392578125, 1543.9432373046875]",[0.05928667 0.26348386 0.12879    ... 0.12318268 0.12217544 0.07879164],0.09427243924232251,0.24290897128104263
académie,"[0.4406952, 0.46606696, 0.46170297, 0.42180124, 0.3866761, 0.3586725, 0.3566184, 0.3584657, 0.36956897]","[11584.70703125, 7060.587890625, 5258.55810546875, 3895.650390625, 3364.366455078125]",[0.21646668 0.217658   0.27027666 ... 0.10414006 0.23588806 0.21765297],0.07885873589679165,0.24579721253948694
après,"[0.35026097, 0.42627135, 0.45996103, 0.437335, 0.4237702, 0.38857874, 0.39370516, 0.3800553, 0.3853541]","[23377.25, 13978.01953125, 9537.388671875, 7222.0751953125, 5963.703125]",[0.27048528 0.41158486 0.35194545 ... 0.27749875 0.39578155 0.36816895],0.11133968251207318,0.3290950380092266
auteur,"[0.4220111, 0.41742197, 0.39914137, 0.42495447, 0.44353464, 0.4168821, 0.411818, 0.40308234, 0.3872406]","[16807.37109375, 12281.9638671875, 9354.8984375, 6659.7080078125, 4831.4228515625]",[0.17604531 0.22515828 0.12126483 ... 0.21183747 0.36893385 0.22400347],0.10766777663390596,0.2969221468035755
a la mode,"[0.61225164, 0.48510835, 0.46692735, 0.4574763, 0.41989827, 0.4171082, 0.40995362, 0.4225991, 0.40156555]","[5687.1572265625, 3838.6015625, 2633.80224609375, 1914.3707275390625, 1543.943115234375]",[0.05928667 0.26348386 0.12879    ... 0.12318268 0.12217544 0.07879164],0.09427243924232251,0.24290897128104263
académie,"[0.44069526, 0.46606696, 0.46170294, 0.4218013, 0.38667613, 0.35867256, 0.35661843, 0.35846576, 0.36956897]","[11584.6982421875, 7060.58154296875, 5258.5517578125, 3895.644775390625, 3364.3623046875]",[0.21646668 0.217658   0.27027666 ... 0.10414006 0.23588806 0.21765297],0.07885873589679165,0.24579721253948694
après,"[0.3502609, 0.42627132, 0.45996106, 0.437335, 0.42377013, 0.38857874, 0.39370513, 0.38005528, 0.38535407]","[23377.26171875, 13978.0234375, 9537.384765625, 7222.07568359375, 5963.70263671875]",[0.27048528 0.41158486 0.35194545 ... 0.27749875 0.39578155 0.36816895],0.11133968251207318,0.3290950380092266
bourgeois,"[0.38428608, 0.45913568, 0.43598264, 0.46847183, 0.45723492, 0.44916195, 0.42218006, 0.42540872, 0.4199831]","[12540.57421875, 6785.59765625, 5041.53564453125, 3385.441650390625, 2586.777099609375]",[0.1940506  0.24161567 0.24324805 ... 0.24571626 0.16939395 0.10732099],0.07480693109925844,0.23024148214276777
burlesque,"[0.55279213, 0.53259546, 0.45695192, 0.43495166, 0.4098951, 0.4108391, 0.3974903, 0.40104368, 0.3965264]","[8410.119140625, 4277.72021484375, 2968.828857421875, 2364.376220703125, 1969.155029296875]",[0.16613108 0.23965903 0.21963937 ... 0.37430523 0.29158586 0.20345023],0.07538001220789267,0.2190671713134086
depanneur,"[0.55375224, 0.49948576, 0.60415655, 0.54139274, 0.5480636, 0.5494569, 0.53853136, 0.6205293, 0.653696]","[1400.7484130859375, 908.9402465820312, 495.6606750488281, 292.489013671875, 220.62510681152344]",[0.26487557 0.32492866 0.11381894 ... 0.12920215 0.09596402 0.09787877],0.09091549843134061,0.2106342938226104
detente,"[0.5672995, 0.53059685, 0.50472975, 0.49729255, 0.43503308, 0.44926506, 0.42440698, 0.41407266, 0.41485897]","[12227.978515625, 6409.78857421875, 4057.18359375, 3038.19873046875, 2514.332763671875]",[0.16169806 0.16644412 0.17180861 ... 0.32310838 0.33769203 0.15292569],0.08717084019940786,0.2611063236371206
ennui,"[0.6189115, 0.39132866, 0.42402345, 0.37106025, 0.36977118, 0.37897345, 0.38044348, 0.37976694, 0.3710758]","[10124.904296875, 6494.1259765625, 4287.966796875, 3607.844482421875, 3020.6474609375]",[0.22291819 0.16220319 0.34876066 ... 0.26372979 0.30116499 0.18140041],0.0974938447053352,0.25090084919393396
faux pas,"[0.5443109, 0.4025244, 0.42851385, 0.4006062, 0.41049957, 0.41321698, 0.3967006, 0.38926184, 0.37994382]","[10421.83984375, 6928.5439453125, 4398.2333984375, 3556.246826171875, 2943.888427734375]",[0.19483905 0.19982258 0.16879984 ... 0.20928484 0.24464302 0.08126941],0.07920364875884298,0.2059839746611195
fete,"[0.41564414, 0.51305115, 0.41848636, 0.44368094, 0.39245442, 0.39147264, 0.39359725, 0.4030698, 0.41141286]","[11611.380859375, 5945.46044921875, 4690.234375, 3556.561279296875, 2890.818359375]",[0.1966535  0.13419934 0.22631695 ... 0.27718177 0.27699587 0.03539806],0.08404461686027608,0.26937255712414215
fin de siecle,"[0.42344892, 0.36186442, 0.35571435, 0.33637363, 0.35934642, 0.3539059, 0.36431962, 0.37622845, 0.37816688]","[3359.690673828125, 2292.30419921875, 1698.376220703125, 1426.166015625, 1151.3193359375]",[0.09942677 0.14452906 0.1672479  ... 0.18899479 0.11776755 0.16828706],0.0587833165595339,0.18549682910116314
gite,"[0.6147399, 0.7002478, 0.6348761, 0.60989356, 0.6188897, 0.58540404, 0.50401783, 0.4979618, 0.46112508]","[11338.5234375, 5060.5166015625, 3148.3818359375, 2093.023193359375, 1554.7647705078125]",[0.20368518 0.20368518 0.20368518 ... 0.         0.10194621 0.10194621],0.10035703584512998,0.20145351025651134
jongleur,"[0.57821006, 0.55513895, 0.5829395, 0.5679068, 0.5661465, 0.57919484, 0.54431224, 0.58529073, 0.53208727]","[2184.24853515625, 1099.3985595703125, 631.4647216796875, 514.5934448242188, 406.153564453125]",[0.1576723  0.1757766  0.24348612 ... 0.1736054  0.34325629 0.25640534],0.07443929395294707,0.20107933536182024
lycee,"[0.4569998, 0.4494403, 0.4007404, 0.4034853, 0.39570782, 0.396036, 0.39112714, 0.38021013, 0.3983864]","[11226.7333984375, 6518.86669921875, 5207.830078125, 4080.23974609375, 3403.17431640625]",[0.27936396 0.25595816 0.31679038 ... 0.02441959 0.21992421 0.20539705],0.06940460491163121,0.23051310838671935
peloton,"[0.5430317, 0.6528102, 0.53240895, 0.5293118, 0.544752, 0.50586003, 0.5170039, 0.523748, 0.51965576]","[15580.7568359375, 5843.6337890625, 4178.26220703125, 2883.04931640625, 2217.791259765625]",[0.09826987 0.09826987 0.0788384  ... 0.1753192  0.16211563 0.05915272],0.07717741624576147,0.20518321645312224
proletariat,"[0.49021512, 0.42824602, 0.38339153, 0.35549885, 0.36063716, 0.35240626, 0.37390217, 0.37385872, 0.38025618]","[6506.2783203125, 4107.82275390625, 2906.8095703125, 2367.125732421875, 1923.5784912109375]",[0.09257622 0.11503074 0.16965945 ... 0.10170546 0.14574025 0.07891886],0.06120325550306107,0.1903875836925864
rendezvous,"[0.57038397, 0.42125997, 0.4219683, 0.41419572, 0.41390175, 0.39996588, 0.38471913, 0.3807694, 0.37906945]","[7209.7060546875, 4923.375, 3513.57568359375, 2702.99365234375, 2249.95361328125]",[0.14236356 0.2135598  0.2026829  ... 0.15122886 0.22635561 0.16621318],0.06954847994982,0.23924193971177146
gite,"[0.61473966, 0.7002478, 0.6348761, 0.60989356, 0.61888975, 0.58540404, 0.50401795, 0.4979619, 0.4611248]","[11338.529296875, 5060.515625, 3148.380859375, 2093.02294921875, 1554.7645263671875]",[0.20368518 0.20368518 0.20368518 ... 0.         0.10194621 0.10194621],0.10035703584512998,0.20145351025651134
jongleur,"[0.5782104, 0.55513835, 0.5829386, 0.56790614, 0.5661463, 0.57919544, 0.5443105, 0.5852905, 0.532086]","[2184.24658203125, 1099.399169921875, 631.4658203125, 514.594482421875, 406.1539306640625]",[0.1576723  0.1757766  0.24348612 ... 0.1736054  0.34325629 0.25640534],0.07443929395294707,0.20107933536182024
lycee,"[0.457, 0.44944024, 0.40074036, 0.40348536, 0.39570776, 0.39603594, 0.39112702, 0.38021016, 0.39838636]","[11226.7265625, 6518.86376953125, 5207.828125, 4080.23779296875, 3403.174072265625]",[0.27936396 0.25595816 0.31679038 ... 0.02441959 0.21992421 0.20539705],0.06940460491163121,0.23051310838671935
peloton,"[0.5430317, 0.65281016, 0.5324089, 0.5293118, 0.544752, 0.50586003, 0.5170039, 0.523748, 0.5196557]","[15580.75390625, 5843.63427734375, 4178.2626953125, 2883.04931640625, 2217.790771484375]",[0.09826987 0.09826987 0.0788384  ... 0.1753192  0.16211563 0.05915272],0.07717741624576147,0.20518321645312224
proletariat,"[0.49021512, 0.42824626, 0.3833918, 0.35549903, 0.36063728, 0.35240632, 0.37390223, 0.37385908, 0.38025656]","[6506.27783203125, 4107.82373046875, 2906.80908203125, 2367.1259765625, 1923.5787353515625]",[0.09257622 0.11503074 0.16965945 ... 0.10170546 0.14574025 0.07891886],0.06120325550306107,0.1903875836925864
rendezvous,"[0.5703845, 0.4212629, 0.4219633, 0.41419202, 0.41390127, 0.39996853, 0.38472345, 0.38077062, 0.37906948]","[7209.7041015625, 4923.32958984375, 3513.59033203125, 2702.99658203125, 2249.95068359375]",[0.14236356 0.2135598  0.2026829  ... 0.15122886 0.22635561 0.16621318],0.06954847994982,0.23924193971177146
aplomb,"[0.5122303, 0.43532616, 0.45146927, 0.4163073, 0.40720683, 0.40467906, 0.40379336, 0.39436737, 0.38941053]","[8431.458984375, 5042.8232421875, 3560.28466796875, 2817.1337890625, 2167.35888671875]",[0.09348378 0.10999118 0.2397261  ... 0.08306909 0.47085916 0.48103009],0.07954322994464302,0.20788306279613838
beige,"[0.539855, 0.48501688, 0.42653844, 0.43226108, 0.42461687, 0.4193213, 0.38709626, 0.39716822, 0.40457168]","[12004.3623046875, 7456.3046875, 5371.26171875, 4055.558349609375, 3131.048828125]",[0.10230518 0.11648753 0.09865713 ... 0.25039616 0.33523911 0.085452  ],0.09664218295143147,0.23671022618661863
brochure,"[0.57445556, 0.62024194, 0.54775244, 0.48784366, 0.4509609, 0.45240906, 0.429716, 0.43298048, 0.43534905]","[9400.4521484375, 4833.154296875, 2896.572265625, 2220.719482421875, 1833.26904296875]",[0.13102225 0.07766775 0.03875954 ... 0.22404964 0.36782653 0.21505962],0.09400665524495357,0.221219195163834
cafe,"[0.46521363, 0.41575256, 0.38662806, 0.38112232, 0.36095825, 0.37351453, 0.39372504, 0.3907661, 0.39963102]","[9090.6708984375, 5821.76318359375, 4428.810546875, 3618.068359375, 3065.0888671875]",[0.12146699 0.14714356 0.19347251 ... 0.03253573 0.05272387 0.0393573 ],0.06838467373597153,0.23442592715913707
camaraderie,"[0.49988806, 0.4014646, 0.40241912, 0.37797442, 0.38862205, 0.38130528, 0.38412914, 0.38489836, 0.38144282]","[6271.48876953125, 4114.28759765625, 2790.395263671875, 2241.3701171875, 1795.066162109375]",[0.10414866 0.12275921 0.09606535 ... 0.12074473 0.13058478 0.1492666 ],0.0631328283424986,0.19767246252201137
cliche,"[0.4131661, 0.38700587, 0.3810929, 0.37348798, 0.37078398, 0.37503153, 0.36858863, 0.36848408, 0.38063425]","[7952.92138671875, 5137.56640625, 3961.253173828125, 3013.867919921875, 2538.4287109375]",[0.15377099 0.21019645 0.17401887 ... 0.20435034 0.18438611 0.17654977],0.05899136159989097,0.22485772061482542
clique,"[0.5207758, 0.48758107, 0.42499253, 0.41964164, 0.39064837, 0.40355676, 0.41542378, 0.41281903, 0.41471326]","[11946.162109375, 7811.4345703125, 5694.1708984375, 4526.0986328125, 3814.704833984375]",[0.23132882 0.31099318 0.22927252 ... 0.33064311 0.29267479 0.07824243],0.08631795445380444,0.2890582604724488
concierge,"[0.5989753, 0.43273145, 0.45250756, 0.43973383, 0.43352723, 0.41210556, 0.38547215, 0.3937835, 0.3881486]","[6786.4541015625, 4578.5625, 3241.3359375, 2478.71435546875, 2072.326171875]",[0.14986788 0.16137823 0.19312794 ... 0.10062516 0.15581988 0.12865325],0.08667628799710439,0.2231783862880872
coup,"[0.52752995, 0.59967613, 0.54091066, 0.50270575, 0.5018144, 0.51959646, 0.51201135, 0.51604605, 0.5247424]","[16227.095703125, 7589.6611328125, 4861.9755859375, 3672.17431640625, 2844.924072265625]",[0.04207519 0.03298223 0.04207519 ... 0.24464643 0.18095959 0.20006577],0.12262947956952547,0.26943899333347027
debacle,"[0.4937321, 0.44742337, 0.42166504, 0.39343628, 0.397711, 0.3939082, 0.39543587, 0.38154784, 0.37047]","[7820.4580078125, 4497.11328125, 3194.10986328125, 2639.96826171875, 2116.60595703125]",[0.0542783  0.06813219 0.19257902 ... 0.1367216  0.12043532 0.0755365 ],0.059844061541809136,0.20389808161270825
detour,"[0.47414467, 0.38745332, 0.39583656, 0.38553193, 0.38459894, 0.36135286, 0.36374488, 0.35527292, 0.36269984]","[10043.1796875, 7115.97705078125, 4802.3037109375, 3920.78662109375, 3241.3720703125]",[0.31270257 0.34446411 0.34431144 ... 0.26465733 0.26612267 0.11360474],0.08062327454909946,0.2534923226228845
elite,"[0.41779456, 0.51636595, 0.39581752, 0.40539247, 0.38165715, 0.3927227, 0.39604676, 0.39605004, 0.41444695]","[16405.1953125, 8513.7138671875, 6012.568359375, 4333.67529296875, 3657.2978515625]",[0.076873   0.19279279 0.18469771 ... 0.21803232 0.2064106  0.15386796],0.09860960035400344,0.2875354320971026
ensemble,"[0.5221086, 0.6040672, 0.51734495, 0.46435884, 0.47252843, 0.43999317, 0.43191347, 0.44872838, 0.4260547]","[10670.3974609375, 5181.21728515625, 3284.654296875, 2635.957763671875, 2011.66357421875]",[0.28742378 0.3047613  0.31972432 ... 0.14346921 0.26971682 0.31389124],0.08479456414106606,0.29730768540317787
etiquette,"[0.6071343, 0.47476104, 0.44277358, 0.396998, 0.40382472, 0.40954787, 0.3875321, 0.39886132, 0.38218534]","[7902.1201171875, 4867.5009765625, 3933.2998046875, 3158.72216796875, 2472.76953125]",[0.1042979  0.21388862 0.22779204 ... 0.11856834 0.20011101 0.17908643],0.08230604710382733,0.24656405762855907
facade,"[0.41355675, 0.41075203, 0.42385146, 0.40604872, 0.3801852, 0.38209516, 0.3767576, 0.38590932, 0.38576564]","[10148.5712890625, 6784.9443359375, 4458.52392578125, 3431.557373046875, 2812.4072265625]",[0.14087297 0.19816221 0.19669851 ... 0.10644333 0.12308705 0.1204477 ],0.07877575677848189,0.2565716303454248
fine,"[0.34759745, 0.37553033, 0.39470765, 0.40596318, 0.41693798, 0.39613712, 0.38783193, 0.38663518, 0.3798641]","[16452.59765625, 10364.724609375, 7633.513671875, 5676.875, 4852.2431640625]",[0.19535748 0.32150049 0.36871759 ... 0.19740039 0.31594804 0.24839371],0.09764322363459393,0.3231546628567718
foyer,"[0.5003887, 0.41382176, 0.4137226, 0.38969854, 0.38365814, 0.40133318, 0.38810283, 0.37899256, 0.38456982]","[11101.234375, 7514.5703125, 4995.8212890625, 4107.13330078125, 3438.45458984375]",[0.26320273 0.24610316 0.24473967 ... 0.16200575 0.21887397 0.09085769],0.08133113222600168,0.26843190203465267
naive,"[0.3589276, 0.43537483, 0.37968183, 0.40636438, 0.41441166, 0.39378572, 0.39741787, 0.3782471, 0.38630965]","[10407.94921875, 5976.83203125, 4327.5146484375, 3077.25927734375, 2487.6044921875]",[0.16423308 0.15230427 0.14165002 ... 0.06767942 0.19464548 0.21395421],0.07381588229092806,0.20303688126687866
nuance,"[0.39547738, 0.50425375, 0.45215604, 0.4458228, 0.4150389, 0.40740308, 0.4262489, 0.40519726, 0.38844952]","[14566.51171875, 7060.4921875, 5418.09912109375, 4225.248046875, 3401.496826171875]",[0.21880147 0.28464501 0.27478316 ... 0.17909103 0.19480235 0.14981934],0.07681132914606366,0.27119447118575035
physique,"[0.45808926, 0.3943327, 0.37610236, 0.376159, 0.35115594, 0.364713, 0.368901, 0.3606568, 0.3700015]","[11989.4287109375, 7692.7919921875, 5762.865234375, 4501.7958984375, 3813.126953125]",[0.19962578 0.3096939  0.47499885 ... 0.2536264  0.22115629 0.2306173 ],0.07527228878424463,0.27439985841574666
ensemble,"[0.5221084, 0.60406774, 0.51734513, 0.46435913, 0.47252852, 0.43999332, 0.43191352, 0.44872627, 0.42605194]","[10670.400390625, 5181.2099609375, 3284.648193359375, 2635.95263671875, 2011.663818359375]",[0.28742378 0.3047613  0.31972432 ... 0.14346921 0.26971682 0.31389124],0.08479456414106606,0.29730768540317787
etiquette,"[0.6071343, 0.47476104, 0.44277373, 0.39699832, 0.40382516, 0.40954834, 0.38753223, 0.39886144, 0.3821855]","[7902.12451171875, 4867.50244140625, 3933.302734375, 3158.720458984375, 2472.7666015625]",[0.1042979  0.21388862 0.22779204 ... 0.11856834 0.20011101 0.17908643],0.08230604710382733,0.24656405762855907
facade,"[0.41355795, 0.4107524, 0.42385188, 0.4060522, 0.380187, 0.3820954, 0.3767547, 0.3859087, 0.38576326]","[10148.5595703125, 6784.966796875, 4458.52880859375, 3431.525146484375, 2812.3896484375]",[0.14087297 0.19816221 0.19669851 ... 0.10644333 0.12308705 0.1204477 ],0.07877575677848189,0.2565716303454248
fine,"[0.34759757, 0.37553027, 0.39470756, 0.40596312, 0.41693798, 0.39613712, 0.3878319, 0.38663515, 0.37986413]","[16452.59765625, 10364.7216796875, 7633.50927734375, 5676.87548828125, 4852.23974609375]",[0.19535748 0.32150049 0.36871759 ... 0.19740039 0.31594804 0.24839371],0.09764322363459393,0.3231546628567718
foyer,"[0.50038874, 0.41382226, 0.413723, 0.38969874, 0.38365838, 0.40133446, 0.38810408, 0.37899315, 0.38457015]","[11101.2392578125, 7514.564453125, 4995.8154296875, 4107.12841796875, 3438.451904296875]",[0.26320273 0.24610316 0.24473967 ... 0.16200575 0.21887397 0.09085769],0.08133113222600168,0.26843190203465267
naive,"[0.3589279, 0.43537518, 0.3796821, 0.4063642, 0.41441151, 0.39378572, 0.3974179, 0.37824714, 0.3863097]","[10407.9267578125, 5976.81884765625, 4327.501953125, 3077.25439453125, 2487.6005859375]",[0.16423308 0.15230427 0.14165002 ... 0.06767942 0.19464548 0.21395421],0.07381588229092806,0.20303688126687866
nuance,"[0.3954775, 0.5042536, 0.452156, 0.4458228, 0.41503894, 0.4074031, 0.42624894, 0.40519732, 0.38844964]","[14566.498046875, 7060.490234375, 5418.10009765625, 4225.25, 3401.496337890625]",[0.21880147 0.28464501 0.27478316 ... 0.17909103 0.19480235 0.14981934],0.07681132914606366,0.27119447118575035
physique,"[0.45808923, 0.39433265, 0.37610224, 0.3761592, 0.35115564, 0.3647128, 0.36890113, 0.36065704, 0.37000114]","[11989.4296875, 7692.79150390625, 5762.86865234375, 4501.7890625, 3813.12744140625]",[0.19962578 0.3096939  0.47499885 ... 0.2536264  0.22115629 0.2306173 ],0.07527228878424463,0.27439985841574666
rapport,"[0.40675506, 0.4300355, 0.4353791, 0.40459308, 0.3835404, 0.3905848, 0.37741604, 0.38562012, 0.3754071]","[16487.990234375, 9615.8828125, 6657.908203125, 5296.22314453125, 4480.2841796875]",[0.13601882 0.2483557  0.15751439 ... 0.11124817 0.20920183 0.18867364],0.09463051958923839,0.29792470442958513
reservoir,"[0.36784822, 0.39166325, 0.37330922, 0.36637738, 0.35028833, 0.35686925, 0.36742294, 0.3593174, 0.35827875]","[11375.1103515625, 7286.88720703125, 5389.03076171875, 4317.7421875, 3659.477294921875]",[0.16132884 0.19023847 0.26630101 ... 0.21609209 0.23861756 0.21000223],0.07792649440970605,0.26054362696767186
marketing,"[0.4015057, 0.43490577, 0.4192976, 0.41429847, 0.39587754, 0.3828525, 0.38940483, 0.40468436, 0.38838172]","[8631.4794921875, 5319.7919921875, 3732.489013671875, 3029.19189453125, 2534.89990234375]",[0.11943526 0.14088783 0.15097887 ... 0.12998321 0.13076927 0.12631109],0.06456349196982798,0.20496450737204422
business,"[0.40064308, 0.47732556, 0.432495, 0.40489793, 0.4058078, 0.38391885, 0.37980318, 0.3788963, 0.38246113]","[9616.9228515625, 4901.56396484375, 3559.47119140625, 2962.252685546875, 2432.599853515625]",[0.16258698 0.24487566 0.30367571 ... 0.14124616 0.21621703 0.20936201],0.06835661093741269,0.23795799196413692
vintage,"[0.4561498, 0.40250868, 0.43088207, 0.39054003, 0.39383638, 0.37603045, 0.382253, 0.379782, 0.3828114]","[8265.126953125, 5445.0791015625, 3661.020751953125, 3002.830810546875, 2552.015625]",[0.18718195 0.19209133 0.17304945 ... 0.13171819 0.27131316 0.19674483],0.06759672595689437,0.2122544152945888
spoiler,"[0.50855756, 0.40425065, 0.40544665, 0.392898, 0.3988983, 0.38515496, 0.38984862, 0.38425463, 0.38323024]","[8561.47265625, 6027.18017578125, 4548.45654296875, 3536.99951171875, 2757.74462890625]",[0.08853842 0.1268319  0.16159036 ... 0.06934089 0.17168519 0.20936113],0.07915381925598389,0.22314124587729264
casting,"[0.39475122, 0.42002723, 0.41448295, 0.37998128, 0.37322176, 0.37391326, 0.38664076, 0.36818334, 0.3690345]","[10714.75, 7061.0986328125, 5142.58251953125, 4080.061767578125, 3318.342529296875]",[0.142629   0.2429318  0.14455734 ... 0.19654578 0.22643758 0.24289588],0.07267089735312268,0.25006047349504124
bestseller,"[0.5304939, 0.58950734, 0.5536294, 0.5173322, 0.50373256, 0.4740967, 0.47117677, 0.4812056, 0.47918335]","[8588.7890625, 3556.12060546875, 2192.7822265625, 1694.5762939453125, 1492.83447265625]",[0.15973758 0.09856649 0.15973758 ... 0.0868701  0.12884447 0.07010439],0.0871280722830203,0.2044540030577624
pitch,"[0.39407307, 0.3934377, 0.38201544, 0.38046485, 0.3782362, 0.36493474, 0.36198816, 0.35643974, 0.3679958]","[13136.130859375, 8605.7900390625, 6217.2333984375, 4982.92333984375, 4137.9853515625]",[0.12773028 0.19356317 0.20878783 ... 0.         0.4079686  0.4079686 ],0.09172011346428907,0.32128694193114987
cool,"[0.45966327, 0.44010192, 0.41645393, 0.3918336, 0.3931043, 0.38455993, 0.37615868, 0.39528748, 0.39475566]","[10899.38671875, 7446.37841796875, 5171.541015625, 4237.37890625, 3476.8349609375]",[0.0575515  0.20098951 0.13517406 ... 0.19433605 0.231564   0.32347793],0.08148916047056505,0.2681653665499708
loser,"[0.39772612, 0.3831477, 0.41431946, 0.4095119, 0.38186923, 0.39631662, 0.39979222, 0.4022638, 0.39979053]","[9179.921875, 6396.52734375, 4243.46533203125, 3427.267578125, 2887.905029296875]",[0.26215993 0.22960334 0.17743191 ... 0.11305802 0.20841716 0.18339445],0.07385035690846922,0.2441712547390092
coach,"[0.34636018, 0.39888114, 0.39842272, 0.400623, 0.4119845, 0.4048574, 0.41049147, 0.39229038, 0.39537916]","[13201.6083984375, 8312.771484375, 5965.89501953125, 4611.2509765625, 3551.633544921875]",[0.21655927 0.38678819 0.38801534 ... 0.0504909  0.18932407 0.18612239],0.08374651101232741,0.2657302340645438
email,"[0.6512296, 0.52938384, 0.5074245, 0.4948286, 0.47000968, 0.4801703, 0.44691828, 0.47685742, 0.47031718]","[7307.5732421875, 3892.57373046875, 2593.2158203125, 1847.2576904296875, 1511.2197265625]",[0.15305366 0.1195724  0.15656966 ... 0.20746081 0.21044162 0.07993292],0.08201051579986253,0.19506542885666456
brunch,"[0.6831444, 0.66021705, 0.49474883, 0.46178773, 0.37532854, 0.36890715, 0.37875506, 0.36626345, 0.36322686]","[8212.556640625, 5776.693359375, 3488.871337890625, 2919.21484375, 2404.59912109375]",[0.13858135 0.11412628 0.30543753 ... 0.10543099 0.25053532 0.29739343],0.09881713505231385,0.23882366667332178
digital,"[0.46764648, 0.39096823, 0.40931505, 0.39092702, 0.36425716, 0.3746984, 0.37457368, 0.35700342, 0.35010663]","[6960.390625, 4754.6083984375, 3364.94921875, 2778.97021484375, 2384.603515625]",[0.0837247  0.10043741 0.07720634 ... 0.15941167 0.22613746 0.15462658],0.06871171466566564,0.23377367618462916
leader,"[0.49665186, 0.4931661, 0.46994254, 0.4546759, 0.4328722, 0.44132558, 0.4124453, 0.41909313, 0.39841846]","[10986.5380859375, 6485.8359375, 4333.7783203125, 3364.8671875, 2571.076171875]",[0.26935725 0.27743023 0.31453605 ... 0.25783986 0.1934477  0.20894986],0.07491312946016453,0.30217077844241086
hacker,"[0.37389114, 0.47821972, 0.44142202, 0.43818775, 0.43124202, 0.43406507, 0.3885035, 0.38119105, 0.37601843]","[8748.443359375, 4841.5244140625, 3381.1884765625, 2664.509765625, 2120.072265625]",[0.14037379 0.09166589 0.16499871 ... 0.07875239 0.11536602 0.1353707 ],0.05912014696183085,0.1720372186001235
manager,"[0.41093078, 0.5310134, 0.5040874, 0.4338571, 0.45036122, 0.41587573, 0.43612897, 0.42934278, 0.4320734]","[14287.435546875, 6514.22119140625, 5043.7490234375, 3741.433349609375, 3039.39404296875]",[0.24302539 0.31103595 0.3617022  ... 0.21355584 0.27031333 0.27153221],0.08932507198744702,0.2991964607162137
jogging,"[0.5080368, 0.40803447, 0.43947732, 0.4095498, 0.39288703, 0.37521538, 0.37435597, 0.37103835, 0.35073742]","[6726.51171875, 4507.5224609375, 2984.998779296875, 2251.577880859375, 1883.47900390625]",[0.06347769 0.10550413 0.09578673 ... 0.10733293 0.2668188  0.2266806 ],0.06296902362859967,0.16904673379491056
yes,"[0.48403084, 0.61425036, 0.56096005, 0.5540474, 0.53284264, 0.51725334, 0.49712116, 0.4899864, 0.4505219]","[18685.0859375, 7362.3154296875, 4838.767578125, 3037.815673828125, 2236.5068359375]",[0.31893096 0.39537965 0.31960516 ... 0.21793026 0.20245272 0.08713571],0.09442780399188347,0.2646237739786305
match,"[0.48137552, 0.48723817, 0.47012958, 0.4300994, 0.4508045, 0.4402973, 0.42036352, 0.41921943, 0.3997296]","[15385.837890625, 10247.3955078125, 6988.97802734375, 5378.22412109375, 4440.6015625]",[0.23857061 0.20438209 0.18816949 ... 0.28813904 0.27983236 0.25203252],0.09803758339576496,0.3279119894944911
shopping,"[0.4286369, 0.43167534, 0.41490504, 0.42827854, 0.4290885, 0.43904236, 0.44350517, 0.41226155, 0.3948479]","[11046.404296875, 7073.197265625, 5148.1640625, 4046.30615234375, 3319.48193359375]",[0.07305202 0.13390603 0.10001912 ... 0.17532213 0.20083935 0.12168671],0.07808713211982514,0.2169476825870813
academy,"[0.3832717, 0.39692363, 0.40485686, 0.42104068, 0.4101687, 0.41460553, 0.42424345, 0.42086938, 0.41414618]","[14684.40625, 9475.53125, 6714.32568359375, 5328.1689453125, 4185.15087890625]",[0.197044   0.19606657 0.18722128 ... 0.25137387 0.24872097 0.27958334],0.09647752036427441,0.3201947929646182
after,"[0.3731792, 0.41380095, 0.39498237, 0.37210202, 0.38346866, 0.36954483, 0.34770495, 0.35015497, 0.3681153]","[11527.38671875, 6573.7138671875, 5212.6591796875, 4051.24365234375, 3197.9794921875]",[0.19816396 0.39484685 0.217311   ... 0.30486547 0.27535977 0.22032534],0.07335142613474079,0.2866676611892534
author,"[0.53853583, 0.560749, 0.53586286, 0.50526583, 0.43594944, 0.4352031, 0.41728643, 0.4246714, 0.42572168]","[17135.9453125, 6766.66796875, 4407.5107421875, 3636.455078125, 2991.79150390625]",[0.09955324 0.32360582 0.38848625 ... 0.14363656 0.44168968 0.4780554 ],0.11603737162082214,0.32192741909914546
boredom,"[0.55287576, 0.42708865, 0.443607, 0.36780074, 0.3851221, 0.38640264, 0.3809049, 0.38835144, 0.38037056]","[7998.6435546875, 5655.154296875, 4198.8310546875, 3385.13720703125, 2718.54833984375]",[0.17702691 0.10011285 0.27748999 ... 0.07410139 0.26649235 0.26851603],0.07279227634786439,0.19338155707458113
cottage,"[0.42912653, 0.44839892, 0.3895881, 0.39801466, 0.3942071, 0.3928301, 0.39406705, 0.38376644, 0.3680233]","[9166.6708984375, 5894.75439453125, 4438.595703125, 3479.048583984375, 2848.535400390625]",[0.14930044 0.12094462 0.12074135 ... 0.091065   0.20651216 0.23340839],0.06923001195870525,0.2159124370104364
end of century,"[0.535078, 0.4300081, 0.4512315, 0.46425825, 0.49290517, 0.4476985, 0.45647565, 0.4701213, 0.48336858]","[779.2950439453125, 466.34588623046875, 317.0257873535156, 209.9036102294922, 160.51907348632812]","[0.1812824  0.2135549  0.36058372 0.36461486 0.39074636 0.37796625
 0.3506436  0.40048192 0.45198519 0.44287794 0.48314896 0.46846482
 0.34096661 0.28822727 0.07156105 0.28589734 0.2985243  0.2961698
 0.28142006 0.25869624 0.23644599 0.10244773 0.27418292 0.35295374
 0.2675324  0.35543903 0.27332343 0.32397812 0.3134134  0.31999672
 0.35766638 0.26256673 0.09346968 0.09903994 0.17004219 0.20173374
 0.07002461 0.13455447 0.15197083 0.18772693 0.18666882 0.23439083
 0.24177712 0.22760748 0.28071821 0.25961306 0.27670451 0.16410598
 0.19780815 0.22503148 0.16074771 0.18400739 0.17462542 0.18184975
 0.19242503 0.15337687 0.20919227 0.149465   0.22213782 0.16926439
 0.20691398 0.25556591 0.21240623 0.21468884 0.19385804 0.21600487
 0.16697654 0.19893268 0.21079987 0.13856394 0.23697521 0.17468131
 0.1927044  0.20695712 0.17321905 0.21640239 0.22414884 0.20127862
 0.2925316  0.26964526 0.27540126 0.17779861 0.19117833 0.25784961
 0.19273815 0.2091191  0.18798974 0.19125926 0.1868141  0.1353643
 0.26593393 0.18323914 0.25747687 0.19070224 0.22436701 0.28406447
 0.21274174 0.20245753 0.18761757 0.21724003 0.16569285 0.24931422
 0.24337005 0.19022615 0.26700945 0.04855859 0.09806237 0.12549617
 0.22834919 0.20844405 0.11574667 0.22132535 0.18116431 0.20547652
 0.11991114 0.24237419 0.39138411 0.17718912 0.20273802 0.18216424
 0.20228466 0.24025169 0.20324727 0.3578928  0.13282134 0.2237225
 0.16177276 0.19863611 0.30536613 0.18306146 0.1879693  0.18204853
 0.19857318 0.21100097 0.34231372 0.36267826 0.19883017 0.3320642
 0.06448199 0.1090104  0.2237513  0.1854862  0.1300018  0.19006884
 0.19378402 0.18153725 0.09452656 0.24519856 0.40136881 0.17142551
 0.20562241 0.17104443 0.16938987 0.24036978 0.21634933 0.3555859
 0.13818981 0.19332668 0.14013619 0.15463809 0.28397585 0.1592907
 0.18623699 0.19569978 0.16948976 0.21643754 0.34952704 0.36264391
 0.20663536 0.30859634 0.06329481 0.22758039 0.19810439 0.12355306
 0.22092286 0.21327112 0.17761928 0.12287929 0.22337476 0.41777399
 0.20701552 0.22831421 0.18929463 0.16615066 0.22547524 0.23289467
 0.39203248 0.18125903 0.20530293 0.13608286 0.16390099 0.30376736
 0.16366658 0.19754693 0.18557658 0.17713226 0.23250474 0.37994919
 0.39571277 0.25268685 0.31512772 0.17528856 0.15964675 0.1307184
 0.25980036 0.22944504 0.2192927  0.14412057 0.19069963 0.39751529
 0.20085974 0.20633813 0.19499122 0.16381867 0.19687523 0.19348753
 0.37560916 0.17231637 0.2166437  0.14766645 0.18900369 0.27496252
 0.15024635 0.18355601 0.18280606 0.19236924 0.22382891 0.36875444
 0.36262025 0.23917678 0.31182376 0.11601884 0.20758042 0.29089223
 0.30801396 0.30415015 0.22435569 0.19932744 0.39931977 0.18466798
 0.20198602 0.16331588 0.20043659 0.16999504 0.20309566 0.37395688
 0.2586598  0.31187115 0.26165552 0.30214194 0.31034286 0.18410399
 0.19122742 0.2503943  0.32660844 0.29040065 0.35697091 0.36966633
 0.27530331 0.34941788 0.16500793 0.19544102 0.25900978 0.22345632
 0.18732698 0.22068964 0.44419827 0.14655801 0.18543521 0.19062607
 0.18596692 0.21066965 0.17652891 0.39122472 0.22610183 0.24571392
 0.24042882 0.26213843 0.29806598 0.16203531 0.19713062 0.22201102
 0.24155598 0.27366514 0.39017573 0.4007542  0.27371831 0.31989393
 0.20764477 0.17458072 0.160179   0.15107747 0.23729243 0.4888206
 0.21600097 0.22510742 0.20488985 0.2231972  0.24293613 0.19643077
 0.44686323 0.20557651 0.28453018 0.20259256 0.24543475 0.34210305
 0.17260118 0.20255228 0.17110207 0.20634971 0.21215602 0.42580873
 0.45076225 0.27518319 0.37770771 0.18780658 0.08212137 0.17666692
 0.30607098 0.4865276  0.23920709 0.28870953 0.28194214 0.22733154
 0.31488337 0.23877727 0.39123907 0.24770256 0.25307744 0.26723326
 0.27553239 0.25482996 0.25593608 0.24803116 0.21428562 0.24366668
 0.23668933 0.38906036 0.44570861 0.28292908 0.25765482 0.11679811
 0.18413069 0.26864226 0.51847423 0.2896362  0.2813996  0.26824642
 0.26316914 0.31359671 0.23516774 0.43851141 0.22858647 0.21175784
 0.23253191 0.24544194 0.31131165 0.28154447 0.25813683 0.20251222
 0.24721766 0.19835624 0.41026499 0.47782214 0.32113395 0.37185536
 0.17593355 0.25429008 0.50113276 0.25701368 0.25998997 0.25374749
 0.21813045 0.2903463  0.22842294 0.42569613 0.26482245 0.24406296
 0.22426724 0.26685663 0.29469261 0.26203335 0.2738191  0.179905
 0.24604481 0.20115889 0.40142648 0.46274016 0.31401434 0.28985049
 0.18624385 0.38518259 0.21839258 0.21468642 0.18517014 0.17901003
 0.22933982 0.18465981 0.34519973 0.17442308 0.24378687 0.17583018
 0.19800661 0.28367517 0.20138757 0.19296728 0.21181653 0.18413216
 0.1902418  0.3412747  0.34736426 0.20872862 0.29519599 0.30544046
 0.20117885 0.18355335 0.17257455 0.18966476 0.13155457 0.15588106
 0.30222759 0.24165761 0.27288755 0.19195238 0.27156906 0.28135651
 0.2040574  0.20018495 0.19216642 0.25578959 0.20484931 0.28990076
 0.29522458 0.25931529 0.24699525 0.29740611 0.3029542  0.31871158
 0.28700658 0.27810693 0.24906329 0.09163361 0.26747733 0.33783301
 0.25130589 0.35453862 0.24054956 0.32808622 0.32083117 0.31755952
 0.35440872 0.2653869  0.10385815 0.09468992 0.19786093 0.1992865
 0.10090599 0.13027589 0.11122414 0.15178688 0.11873058 0.25961981
 0.16736404 0.19041149 0.17572866 0.219167   0.23709665 0.12228041
 0.17963506 0.16882768 0.21201132 0.20379344 0.26219529 0.28247722
 0.18464804 0.22837343 0.09082398 0.10825747 0.1323149  0.11359989
 0.26288045 0.17979065 0.21600892 0.16249119 0.22046968 0.25487275
 0.14936594 0.20964423 0.16438307 0.22494294 0.1903505  0.26408319
 0.28638157 0.20062988 0.24764418 0.10512385 0.10627596 0.13368006
 0.28881404 0.18210579 0.23931415 0.15674382 0.20053474 0.28306445
 0.12786768 0.18318124 0.17504509 0.23575865 0.20497615 0.27538981
 0.30913426 0.20264016 0.2639675  0.11602288 0.10921933 0.24751398
 0.17754808 0.16417844 0.13965983 0.17030022 0.19177767 0.1313972
 0.17894816 0.11323465 0.18364707 0.16339537 0.24766062 0.2778852
 0.1930708  0.18553428 0.11791928 0.26285659 0.2202067  0.2535863
 0.17590347 0.24033713 0.24313583 0.14340997 0.16197654 0.17150799
 0.25347283 0.2058113  0.24851613 0.27512765 0.20822678 0.2189659
 0.18513685 0.16247128 0.21709416 0.16334233 0.22999394 0.18732492
 0.16758234 0.16724753 0.12955533 0.20498436 0.09738555 0.17538863
 0.2437169  0.15489733 0.17390464 0.25436997 0.29021635 0.24739348
 0.33762317 0.17930972 0.31466162 0.300585   0.2822147  0.33750472
 0.19761252 0.03464134 0.10598541 0.14157052 0.13274462 0.12359055
 0.09079057 0.11346038 0.18102748 0.1409276  0.12506064 0.15068366
 0.10888373 0.14174351 0.25512983 0.28616074 0.13896647 0.24849527
 0.14641419 0.12331801 0.19093755 0.19274868 0.18727623 0.16306052
 0.14112047 0.17665884 0.30126358 0.33987777 0.23954616 0.2495716
 0.09854606 0.16627998 0.10720355 0.14043298 0.11832324 0.11413085
 0.14460522 0.24011377 0.27058129 0.16856896 0.20077816 0.21665852
 0.14832648 0.16919922 0.17580099 0.06280754 0.18938163 0.33718549
 0.37012639 0.24073729 0.2855342  0.21749409 0.19712522 0.19901124
 0.23735811 0.16412555 0.18984651 0.2667429  0.17904658 0.11971434
 0.09251028 0.12135411 0.14343399 0.19044145 0.30992096 0.33008898
 0.20320118 0.26154508 0.13007702 0.15202637 0.16590677 0.28275549
 0.32885364 0.19297738 0.26987778 0.13059039 0.09086355 0.26349799
 0.32399863 0.21711429 0.22207582 0.16299715 0.34864906 0.36209346
 0.23150464 0.27843624 0.18277532 0.27953997 0.16578617 0.1970161
 0.11520334 0.13598108 0.14357056 0.19325259 0.20595812 0.16104056]",0.08009001149714529,0.22751080309539087
fashionable,"[0.4214133, 0.39677605, 0.38631743, 0.3935767, 0.37520495, 0.36340222, 0.35557055, 0.36223194, 0.35285717]","[9109.275390625, 5931.34423828125, 4510.421875, 3458.687744140625, 2965.489990234375]",[0.07698691 0.06025169 0.11318158 ... 0.135539   0.15861161 0.2223463 ],0.06617771812743338,0.1936657847188293
high school,"[0.36315715, 0.40472525, 0.37410975, 0.35168493, 0.3686728, 0.35075447, 0.3668558, 0.35935503, 0.36215365]","[9701.869140625, 5697.21826171875, 4606.70654296875, 3537.454345703125, 2842.759521484375]",[0.08495995 0.14825696 0.18796389 ... 0.07012978 0.11527857 0.10426864],0.06768362453795934,0.22799584947211532
misstep,"[0.61774355, 0.427985, 0.43006727, 0.40276447, 0.38830563, 0.40139636, 0.37862444, 0.38409394, 0.35279566]","[7270.58984375, 4498.25732421875, 2916.379150390625, 2287.53466796875, 1880.8607177734375]",[0.10311196 0.22140568 0.25523839 ... 0.15829995 0.1729487  0.1638918 ],0.08488942562453335,0.24479770695499634
mockery,"[0.4048177, 0.44455683, 0.39966488, 0.40282336, 0.3880259, 0.3858134, 0.3830677, 0.37745342, 0.38095683]","[11158.87109375, 6169.109375, 4517.60595703125, 3522.024169921875, 2894.72119140625]",[0.25675805 0.18079405 0.10589656 ... 0.1718435  0.29111866 0.16211758],0.08801502829659459,0.2485423734113633
pack,"[0.3694443, 0.47528797, 0.4453312, 0.42036656, 0.39443383, 0.40090305, 0.39143103, 0.3927042, 0.4030491]","[12568.1123046875, 6497.21484375, 4646.77587890625, 3797.2041015625, 3081.65673828125]",[0.09574426 0.33306924 0.33306924 ... 0.20774697 0.23630053 0.07883708],0.07549850030681751,0.26878766064041193
party,"[0.46830422, 0.430636, 0.43693197, 0.43170196, 0.432643, 0.40976784, 0.4285558, 0.39481667, 0.39714068]","[14746.3095703125, 9456.3837890625, 6793.3330078125, 5474.3876953125, 4233.12548828125]",[0.30822001 0.3194432  0.35992344 ... 0.40093341 0.44861745 0.16058167],0.09369497256413319,0.3369658626495611
relaxation,"[0.5531312, 0.39655727, 0.43421635, 0.38227174, 0.3812762, 0.3788855, 0.37397712, 0.36633095, 0.36530402]","[6909.72509765625, 4442.0537109375, 2842.677001953125, 2371.3984375, 2034.15478515625]",[0.20166053 0.2019526  0.2644278  ... 0.10258172 0.09708683 0.15154691],0.07132537185420537,0.2135992771417887
repairman,"[0.4994211, 0.50763404, 0.43453875, 0.4455765, 0.42832455, 0.4162423, 0.3950243, 0.38957295, 0.37177032]","[7344.3828125, 4298.48779296875, 2918.70263671875, 2082.15185546875, 1684.482666015625]",[0.09549805 0.10905258 0.18133507 ... 0.05258533 0.07307041 0.02988048],0.06214699123778192,0.15965260714639412
room,"[0.40608653, 0.48336342, 0.38779995, 0.37725204, 0.38078454, 0.37140432, 0.36470118, 0.3681501, 0.3635347]","[11593.173828125, 6558.818359375, 4685.0986328125, 3839.36669921875, 3140.452880859375]",[0.28197548 0.32379122 0.29207388 ... 0.17853114 0.16632798 0.09674602],0.07760173294147489,0.3016398511227361
song,"[0.51330394, 0.5678011, 0.55563563, 0.4873878, 0.45122015, 0.455818, 0.43428516, 0.41184863, 0.41436595]","[9569.802734375, 4722.57470703125, 3419.51123046875, 2653.37939453125, 2032.35498046875]",[0.23424474 0.22659208 0.26503952 ... 0.27742125 0.25589015 0.33106289],0.07730003189983331,0.2760986524694433
minstrel,"[0.5130648, 0.408715, 0.39989847, 0.38204664, 0.37567976, 0.3848725, 0.37549078, 0.36084613, 0.3625148]","[7375.52587890625, 4861.6533203125, 3531.568359375, 2910.8115234375, 2426.681640625]",[0.14128942 0.20428369 0.19769977 ... 0.19377847 0.2612953  0.07860123],0.0691612136988712,0.20554587678718472
working class,"[0.43322334, 0.47292334, 0.4422993, 0.4035346, 0.37543574, 0.38512203, 0.37575278, 0.36627913, 0.36279142]","[7515.3583984375, 4054.594970703125, 3015.15185546875, 2398.51220703125, 1993.522216796875]",[0.41990671 0.49569305 0.34892406 ... 0.0837739  0.13043344 0.11223006],0.058579901575252315,0.19200510068757587
meeting,"[0.45044452, 0.5316418, 0.40233865, 0.38485414, 0.3852796, 0.36089417, 0.35280168, 0.3538969, 0.35799116]","[11601.861328125, 5996.6201171875, 4413.02880859375, 3695.077392578125, 3125.6943359375]",[0.21274184 0.23611256 0.25814219 ... 0.28309038 0.20505001 0.29779357],0.0745145912768264,0.2864538318767009
middle class,"[0.41334537, 0.39529207, 0.3788681, 0.38760558, 0.39018902, 0.38634565, 0.3795169, 0.37782514, 0.3710844]","[7124.8349609375, 4584.27783203125, 3505.40234375, 2835.331787109375, 2227.3115234375]",[0.08918679 0.06760996 0.07550657 ... 0.24548375 0.23624154 0.20127442],0.0656603043513768,0.21304621420659978
fire,"[0.41453218, 0.48418182, 0.44188526, 0.44240662, 0.4472068, 0.4271508, 0.4134016, 0.40738624, 0.40806824]","[12638.6572265625, 6976.79052734375, 5167.4228515625, 3677.8564453125, 2976.49365234375]",[0.26091926 0.26965743 0.29293011 ... 0.         0.30925183 0.30925183],0.08536284209625156,0.3013982876252759
nose,"[0.377565, 0.41677213, 0.36964855, 0.36988634, 0.37162805, 0.36375514, 0.36543587, 0.36439684, 0.36573225]","[12047.240234375, 7443.4814453125, 5777.1552734375, 4526.216796875, 3686.6357421875]",[0.19807202 0.22981659 0.32047331 ... 0.11139081 0.18686371 0.13695447],0.07694934037657734,0.2693521794143052
water,"[0.34547666, 0.42034826, 0.38666546, 0.37311906, 0.35587707, 0.35910633, 0.35832208, 0.34765533, 0.34294674]","[9821.97265625, 5731.73828125, 4492.93896484375, 3567.57763671875, 3029.148681640625]",[0.07543642 0.20496789 0.2005927  ... 0.06892837 0.09741586 0.06503133],0.07382212100165494,0.2639013566121842
tongue,"[0.36311334, 0.38960615, 0.39636242, 0.37456203, 0.34816194, 0.34824273, 0.36675215, 0.36737007, 0.36260712]","[9995.33984375, 6516.60791015625, 4645.9951171875, 3765.5439453125, 3194.30322265625]",[0.1559709  0.15627355 0.16569562 ... 0.2154605  0.20405714 0.10745279],0.07188556969023426,0.2617711400219392
blood,"[0.42415273, 0.42323828, 0.39800304, 0.37472516, 0.34365845, 0.35207653, 0.34885442, 0.35568103, 0.37230244]","[9159.6513671875, 6092.07080078125, 4456.9306640625, 3724.3896484375, 3146.35546875]",[0.21038948 0.22183213 0.20525749 ... 0.35404387 0.44668203 0.10594685],0.07835119052992025,0.26407934168548425
